country	cote d'ivoire	7.5455112	-5.547545
